INSERT INTO ACCOUNT_TYPE (ID, CODE, DESCRIPTION) values (1,'PERSONAL_ACCOUNT','Personal Accounts');
INSERT INTO ACCOUNT_TYPE (ID, CODE, DESCRIPTION) values (2,'CREDIT_CARDS','Credit Cards');
INSERT INTO ACCOUNT_TYPE (ID, CODE, DESCRIPTION) values (3,'SAVING_ACCOUNT','Saving Accounts');
INSERT INTO ACCOUNT_TYPE (ID, CODE, DESCRIPTION) values (4,'MORTGAGES_AND_LOANS','Mortgages and Loans');
INSERT INTO ACCOUNT_TYPE (ID, CODE, DESCRIPTION) values (5,'UNIT_LINKED','Unit Linked');
INSERT INTO ACCOUNT_TYPE (ID, CODE, DESCRIPTION) values (6,'SECURITIES_AND_FINANCIAL_ASSETS','Securities and Financial Assets');
INSERT INTO ACCOUNT_TYPE (ID, CODE, DESCRIPTION) values (7,'INVESTMENTS_INSURANCES','Investments Insurances');
INSERT INTO ACCOUNT_TYPE (ID, CODE, DESCRIPTION) values (8,'PENSION_PLANS','Pension Plans');
INSERT INTO ACCOUNT_TYPE (ID, CODE, DESCRIPTION) values (9,'INSURANCES','Insurances');

INSERT INTO USER (ID, STATUS, VERSION, ACTIVE, CREATED, CREATED_BY, LAST_LOGGED_DATE, EMAIL, LASTNAME, NAME, TITLE,PASSWORD, REFERENCE, USERNAME, COUNTRY,ID_CARD, ADDRESS,PHONE_NUMBER,MOBILE_NUMBER) values
(1,'a',1,true,current_date,'ADMIN',TIMESTAMP(1395389356626),'gft1@gft.com','Trepat','Teresa','Miss','admin','admin','admin','US','11111111A','18 Main Str, Springfield, Oklahoma','+14911111111','+14611111111');
INSERT INTO USER (ID, STATUS, VERSION, ACTIVE, CREATED, CREATED_BY, LAST_LOGGED_DATE, EMAIL, LASTNAME, NAME, TITLE,PASSWORD, REFERENCE, USERNAME, COUNTRY,ID_CARD, ADDRESS,PHONE_NUMBER,MOBILE_NUMBER) values
(2,'a',1,true,current_date,'ADMIN',TIMESTAMP(1395389356626),'tim.teller@gft.com','Teller','Tim','Mr','user','user','user','UK','11111111A','205 Picadilly Circus, London','+44911111111','+44611111111');
UPDATE SEQUENCE SET SEQ_COUNT = 3 WHERE SEQ_NAME = 'USER_SEQ';


INSERT INTO ACCOUNT (ID, STATUS, VERSION, CREATED, CREATED_BY, LASTMONTH_BALANCE, LASTMONTH_BALANCE_CURRENCY,BALANCE, BALANCE_CURRENCY, NUMBER, ACCOUNT_TYPE) values (11,'a',1, current_date,'ADMIN',0,'EUR',247117.18,'EUR','00193333610330287964',1);
INSERT INTO ACCOUNT (ID, STATUS, VERSION, CREATED, CREATED_BY, LASTMONTH_BALANCE, LASTMONTH_BALANCE_CURRENCY,BALANCE, BALANCE_CURRENCY, NUMBER, ACCOUNT_TYPE) values (12,'a',1, current_date,'ADMIN',0,'EUR',500000.00,'EUR','00193333610330287965',1);
INSERT INTO ACCOUNT (ID, STATUS, VERSION, CREATED, CREATED_BY, LASTMONTH_BALANCE, LASTMONTH_BALANCE_CURRENCY,BALANCE, BALANCE_CURRENCY, NUMBER, ACCOUNT_TYPE) values (13,'a',1, current_date,'ADMIN',0,'EUR',247117.18,'EUR','00193333620330287966',1);
INSERT INTO ACCOUNT (ID, STATUS, VERSION, CREATED, CREATED_BY, LASTMONTH_BALANCE, LASTMONTH_BALANCE_CURRENCY,BALANCE, BALANCE_CURRENCY, NUMBER, ACCOUNT_TYPE) values (14,'a',1, current_date,'ADMIN',0,'EUR',247117.18,'EUR','00193333620330287967',1);
INSERT INTO ACCOUNT (ID, STATUS, VERSION, CREATED, CREATED_BY, LASTMONTH_BALANCE, LASTMONTH_BALANCE_CURRENCY,BALANCE, BALANCE_CURRENCY, NUMBER, ACCOUNT_TYPE) values (15,'a',1, current_date,'ADMIN',0,'EUR',-4037.40,'EUR','4017288019831456',2);
INSERT INTO ACCOUNT (ID, STATUS, VERSION, CREATED, CREATED_BY, LASTMONTH_BALANCE, LASTMONTH_BALANCE_CURRENCY,BALANCE, BALANCE_CURRENCY, NUMBER, ACCOUNT_TYPE) values (16,'a',1, current_date,'ADMIN',0,'EUR',200.00,'EUR','00193333654315162342',3);
INSERT INTO ACCOUNT (ID, STATUS, VERSION, CREATED, CREATED_BY, LASTMONTH_BALANCE, LASTMONTH_BALANCE_CURRENCY,BALANCE, BALANCE_CURRENCY, NUMBER, ACCOUNT_TYPE) values (17,'a',1, current_date,'ADMIN',0,'EUR',200.00,'EUR','00193333440123456789',4);
INSERT INTO ACCOUNT (ID, STATUS, VERSION, CREATED, CREATED_BY, LASTMONTH_BALANCE, LASTMONTH_BALANCE_CURRENCY,BALANCE, BALANCE_CURRENCY, NUMBER, ACCOUNT_TYPE) values (18,'a',1, current_date,'ADMIN',0,'EUR',-23652.36,'EUR','00193333460133456789',4);
INSERT INTO ACCOUNT (ID, STATUS, VERSION, CREATED, CREATED_BY, LASTMONTH_BALANCE, LASTMONTH_BALANCE_CURRENCY,BALANCE, BALANCE_CURRENCY, NUMBER, ACCOUNT_TYPE) values (19,'a',1, current_date,'ADMIN',0,'EUR',-145.76,'EUR','00193399460133456789',6);

INSERT INTO ACCOUNT (ID, STATUS, VERSION, CREATED, CREATED_BY, LASTMONTH_BALANCE, LASTMONTH_BALANCE_CURRENCY,BALANCE, BALANCE_CURRENCY, NUMBER, ACCOUNT_TYPE) values (21,'a',1, current_date,'ADMIN',0,'EUR',247117.18,'EUR','20193333610330287964',1);
INSERT INTO ACCOUNT (ID, STATUS, VERSION, CREATED, CREATED_BY, LASTMONTH_BALANCE, LASTMONTH_BALANCE_CURRENCY,BALANCE, BALANCE_CURRENCY, NUMBER, ACCOUNT_TYPE) values (22,'a',1, current_date,'ADMIN',0,'EUR',500000.00,'EUR','20193333610330287965',1);
INSERT INTO ACCOUNT (ID, STATUS, VERSION, CREATED, CREATED_BY, LASTMONTH_BALANCE, LASTMONTH_BALANCE_CURRENCY,BALANCE, BALANCE_CURRENCY, NUMBER, ACCOUNT_TYPE) values (23,'a',1, current_date,'ADMIN',0,'EUR',247117.18,'EUR','20193333620330287966',1);
INSERT INTO ACCOUNT (ID, STATUS, VERSION, CREATED, CREATED_BY, LASTMONTH_BALANCE, LASTMONTH_BALANCE_CURRENCY,BALANCE, BALANCE_CURRENCY, NUMBER, ACCOUNT_TYPE) values (24,'a',1, current_date,'ADMIN',0,'EUR',247117.18,'EUR','20193333620330287967',1);
INSERT INTO ACCOUNT (ID, STATUS, VERSION, CREATED, CREATED_BY, LASTMONTH_BALANCE, LASTMONTH_BALANCE_CURRENCY,BALANCE, BALANCE_CURRENCY, NUMBER, ACCOUNT_TYPE) values (25,'a',1, current_date,'ADMIN',0,'EUR',-4037.40,'EUR','4217288019831456',2);
INSERT INTO ACCOUNT (ID, STATUS, VERSION, CREATED, CREATED_BY, LASTMONTH_BALANCE, LASTMONTH_BALANCE_CURRENCY,BALANCE, BALANCE_CURRENCY, NUMBER, ACCOUNT_TYPE) values (26,'a',1, current_date,'ADMIN',0,'EUR',200.00,'EUR','20193333654315162342',3);
INSERT INTO ACCOUNT (ID, STATUS, VERSION, CREATED, CREATED_BY, LASTMONTH_BALANCE, LASTMONTH_BALANCE_CURRENCY,BALANCE, BALANCE_CURRENCY, NUMBER, ACCOUNT_TYPE) values (27,'a',1, current_date,'ADMIN',0,'EUR',200.00,'EUR','20193333440123456789',4);
INSERT INTO ACCOUNT (ID, STATUS, VERSION, CREATED, CREATED_BY, LASTMONTH_BALANCE, LASTMONTH_BALANCE_CURRENCY,BALANCE, BALANCE_CURRENCY, NUMBER, ACCOUNT_TYPE) values (28,'a',1, current_date,'ADMIN',0,'EUR',-23652.36,'EUR','20193333460133456789',4);
INSERT INTO ACCOUNT (ID, STATUS, VERSION, CREATED, CREATED_BY, LASTMONTH_BALANCE, LASTMONTH_BALANCE_CURRENCY,BALANCE, BALANCE_CURRENCY, NUMBER, ACCOUNT_TYPE) values (29,'a',1, current_date,'ADMIN',0,'EUR',-145.76,'EUR','20193399460133456789',6);


UPDATE SEQUENCE SET SEQ_COUNT = 30 WHERE SEQ_NAME = 'ACCOUNT_SEQ';


INSERT INTO ACCOUNT_USER (ID, STATUS, VERSION, CREATED, CREATED_BY, USER_ID, ALIAS, ACCOUNT_ID) values (11,'a',1,current_date,'ADMIN',1,'CHECKING ACCOUNT AB',11);
INSERT INTO ACCOUNT_USER (ID, STATUS, VERSION, CREATED, CREATED_BY, USER_ID, ALIAS, ACCOUNT_ID) values (12,'a',1,current_date,'ADMIN',1,'CHECKING ACCOUNT AB 2',12);
INSERT INTO ACCOUNT_USER (ID, STATUS, VERSION, CREATED, CREATED_BY, USER_ID, ALIAS, ACCOUNT_ID) values (13,'a',1,current_date,'ADMIN',1,'PERSONAL ACCOUNT',13);
INSERT INTO ACCOUNT_USER (ID, STATUS, VERSION, CREATED, CREATED_BY, USER_ID, ALIAS, ACCOUNT_ID) values (14,'a',1,current_date,'ADMIN',1,'FAMILY ACCOUNT',14);
INSERT INTO ACCOUNT_USER (ID, STATUS, VERSION, CREATED, CREATED_BY, USER_ID, ALIAS, ACCOUNT_ID) values (15,'a',1,current_date,'ADMIN',1,'VISA 30 - TERESA TREPAT',15);
INSERT INTO ACCOUNT_USER (ID, STATUS, VERSION, CREATED, CREATED_BY, USER_ID, ALIAS, ACCOUNT_ID) values (16,'a',1,current_date,'ADMIN',1,'SAVING ACCOUNT AB 2',16);
INSERT INTO ACCOUNT_USER (ID, STATUS, VERSION, CREATED, CREATED_BY, USER_ID, ALIAS, ACCOUNT_ID) values (17,'a',1,current_date,'ADMIN',1,'PERSONAL MORTGAGE',17);
INSERT INTO ACCOUNT_USER (ID, STATUS, VERSION, CREATED, CREATED_BY, USER_ID, ALIAS, ACCOUNT_ID) values (18,'a',1,current_date,'ADMIN',1,'PERSONAL LOAN',18);
INSERT INTO ACCOUNT_USER (ID, STATUS, VERSION, CREATED, CREATED_BY, USER_ID, ALIAS, ACCOUNT_ID) values (19,'a',1,current_date,'ADMIN',1,'Life Assurance',19);

INSERT INTO ACCOUNT_USER (ID, STATUS, VERSION, CREATED, CREATED_BY, USER_ID, ALIAS, ACCOUNT_ID) values (21,'a',1,current_date,'ADMIN',2,'CHECKING ACCOUNT AB',21);
INSERT INTO ACCOUNT_USER (ID, STATUS, VERSION, CREATED, CREATED_BY, USER_ID, ALIAS, ACCOUNT_ID) values (22,'a',1,current_date,'ADMIN',2,'CHECKING ACCOUNT AB 2',22);
INSERT INTO ACCOUNT_USER (ID, STATUS, VERSION, CREATED, CREATED_BY, USER_ID, ALIAS, ACCOUNT_ID) values (23,'a',1,current_date,'ADMIN',2,'PERSONAL ACCOUNT',23);
INSERT INTO ACCOUNT_USER (ID, STATUS, VERSION, CREATED, CREATED_BY, USER_ID, ALIAS, ACCOUNT_ID) values (24,'a',1,current_date,'ADMIN',2,'FAMILY ACCOUNT',24);
INSERT INTO ACCOUNT_USER (ID, STATUS, VERSION, CREATED, CREATED_BY, USER_ID, ALIAS, ACCOUNT_ID) values (25,'a',1,current_date,'ADMIN',2,'VISA 30 - JOHN TELLER',25);
INSERT INTO ACCOUNT_USER (ID, STATUS, VERSION, CREATED, CREATED_BY, USER_ID, ALIAS, ACCOUNT_ID) values (26,'a',1,current_date,'ADMIN',2,'SAVING ACCOUNT AB 2',26);
INSERT INTO ACCOUNT_USER (ID, STATUS, VERSION, CREATED, CREATED_BY, USER_ID, ALIAS, ACCOUNT_ID) values (27,'a',1,current_date,'ADMIN',2,'PERSONAL MORTGAGE',27);
INSERT INTO ACCOUNT_USER (ID, STATUS, VERSION, CREATED, CREATED_BY, USER_ID, ALIAS, ACCOUNT_ID) values (28,'a',1,current_date,'ADMIN',2,'PERSONAL LOAN',28);
INSERT INTO ACCOUNT_USER (ID, STATUS, VERSION, CREATED, CREATED_BY, USER_ID, ALIAS, ACCOUNT_ID) values (29,'a',1,current_date,'ADMIN',2,'Life Assurance',29);

UPDATE SEQUENCE SET SEQ_COUNT = 30 WHERE SEQ_NAME = 'ACCOUNT_USER_SEQ';


